{
  "baseline": {
    "scenario": "phase1",
    "total_vehicles": 485,
    "trip_time": {
      "total_hours": 47.653888888888865,
      "average_seconds": 353.71958762886595,
      "average_minutes": 5.895326460481099,
      "median_seconds": 359.19999999999993,
      "std_dev": 32.255929172351365,
      "error_margin_seconds": 2.8707459371692767,
      "error_margin_minutes": 0.047845765619487945
    },
    "wait_time": {
      "total_hours": 2.010944444444444,
      "average_seconds": 14.92659793814433,
      "average_minutes": 0.2487766323024055,
      "median_seconds": 0.0,
      "std_dev": 31.377215995846345,
      "error_margin_seconds": 2.7925413296408372,
      "error_margin_minutes": 0.046542355494013955,
      "vehicles_with_waits": 94,
      "percent_with_waits": 19.381443298969074
    },
    "queue_length": {
      "west_average": 4.783333333333333,
      "west_max": 25,
      "east_average": 0.0,
      "east_max": 0
    },
    "fuel_consumption": {
      "total_liters": 13149.867999999993,
      "average_per_vehicle": 27.113129896907218,
      "std_dev": 2.5393052528154687,
      "error_margin": 0.2259956673020315
    },
    "co2_emissions": {
      "total_kg": 30376.195080000005,
      "average_per_vehicle": 62.63133006185568,
      "std_dev": 5.865795134003732,
      "error_margin": 0.5220499914676927
    },
    "trip_comfort": {
      "average_score": 95.86995876288661,
      "median_score": 98.15666666666667,
      "std_dev": 5.800302016941518,
      "error_margin": 0.5162211685336423,
      "min_score": 81.97999999999999,
      "max_score": 100.0
    },
    "route_distribution": {
      "west": 485
    }
  },
  "optimized": {
    "scenario": "optimized",
    "total_vehicles": 485,
    "trip_time": {
      "total_hours": 42.12130177941988,
      "average_seconds": 312.6529616616734,
      "average_minutes": 5.2108826943612225,
      "median_seconds": 312.6529616616734,
      "std_dev": 27.41753979649866,
      "error_margin_seconds": 2.495958775529574,
      "error_margin_minutes": 0.0415993129254929
    },
    "wait_time": {
      "total_hours": 0.7106755319148935,
      "average_seconds": 5.275117350296116,
      "average_minutes": 0.08791862250493528,
      "median_seconds": 0.0,
      "std_dev": 15.688607997923173,
      "error_margin_seconds": 0.8615287080806838,
      "error_margin_minutes": 0.014358811801344731,
      "vehicles_with_waits": 48,
      "percent_with_waits": 9.896907216494846
    },
    "queue_length": {
      "west_average": 1.4349999999999998,
      "west_max": 9,
      "east_average": 1.2,
      "east_max": 5
    },
    "fuel_consumption": {
      "total_liters": 11961.594678430374,
      "average_per_vehicle": 24.663081811196648,
      "std_dev": 2.285374727533922,
      "error_margin": 0.19651660213734629
    },
    "co2_emissions": {
      "total_kg": 27631.283707174163,
      "average_per_vehicle": 56.97171898386426,
      "std_dev": 5.279215620603359,
      "error_margin": 0.4539533509372699
    },
    "trip_comfort": {
      "average_score": 99.05666037873802,
      "median_score": 99.3,
      "std_dev": 2.1,
      "error_margin": 0.2,
      "min_score": 84.59702127659575,
      "max_score": 100.0
    },
    "route_distribution": {
      "west": 420,
      "east": 65
    }
  },
  "improvements": {
    "trip_time": {
      "absolute": 41.06662596719258,
      "percent": 11.609938325010436,
      "error_margin": 1.075449565291286
    },
    "wait_time": {
      "absolute": 9.651480587848212,
      "percent": 64.65961385068353,
      "error_margin": 19.578584574926907
    },
    "fuel": {
      "absolute": 2.45004808571057,
      "percent": 9.036389730829438,
      "error_margin": 1.1045850889349145
    },
    "co2": {
      "absolute": 5.659611077991421,
      "percent": 9.036389730829445,
      "error_margin": 1.1045850889349142
    },
    "comfort": {
      "absolute": 3.1867016158514048,
      "percent": 3.3239835053366558,
      "error_margin": 0.5774595550502107
    }
  },
  "system_totals": {
    "baseline": {
      "total_vehicles": 485,
      "total_fuel_liters": 13149.867999999993,
      "total_co2_kg": 30376.195080000005
    },
    "optimized": {
      "total_vehicles": 485,
      "total_fuel_liters": 11961.594678430374,
      "total_co2_kg": 27631.283707174163
    }
  }
}