{
  "eta_metrics": {
    "train_error": 0.047494135020669216,
    "val_error": 0.0813028067798994,
    "test_error": 0.11307450681699,
    "test_rmse": 0.24464478189970562,
    "test_r2": 0.9954535297945053,
    "physics_error": 4.93073289709288,
    "improvement": 97.70674037355262,
    "train_ci": {
      "mean": 0.047494135020669216,
      "std": 0.08949098610060369,
      "se": 0.0035374418266547244,
      "margin": 0.0069464157274388245,
      "ci_lower": 0.040547719293230394,
      "ci_upper": 0.05444055074810804,
      "confidence": 0.95
    },
    "test_ci": {
      "mean": 0.11307450681699,
      "std": 0.2174896178862119,
      "se": 0.015378838364501147,
      "margin": 0.0303264009558317,
      "ci_lower": 0.0827481058611583,
      "ci_upper": 0.1434009077728217,
      "confidence": 0.95
    },
    "cv_mean": 0.11105366578521636,
    "cv_std": 0.028696664311294518,
    "cv_scores": [
      0.14709840873288632,
      0.1441874848104529,
      0.09672654630749014,
      0.085953082295353,
      0.0813028067798994
    ],
    "feature_importances": [
      0.0,
      0.004210704747937959,
      0.3848827344992242,
      0.06391104038953935,
      0.2959768795041447,
      0.2510186408591538,
      0.0,
      0.0
    ],
    "feature_names": [
      "distance_remaining",
      "train_length",
      "last_speed",
      "speed_change",
      "time_01",
      "time_12",
      "avg_speed_01",
      "avg_speed_12"
    ]
  },
  "etd_metrics": {
    "train_error": 0.06617780271498164,
    "val_error": 0.10502996342670867,
    "test_error": 0.1482579501370489,
    "test_rmse": 0.32124144385072745,
    "test_r2": 0.9931453048032987,
    "physics_error": 5.487835889532448,
    "improvement": 97.29842595293643,
    "train_ci": {
      "mean": 0.06617780271498164,
      "std": 0.10607884085419485,
      "se": 0.0041931343581222144,
      "margin": 0.008233988254746569,
      "ci_lower": 0.05794381446023507,
      "ci_upper": 0.0744117909697282,
      "confidence": 0.95
    },
    "test_ci": {
      "mean": 0.1482579501370489,
      "std": 0.2856987299410166,
      "se": 0.020201950931767694,
      "margin": 0.03983736934650447,
      "ci_lower": 0.10842058079054442,
      "ci_upper": 0.18809531948355337,
      "confidence": 0.95
    },
    "cv_mean": 0.1374462065301676,
    "cv_std": 0.022155829123131045,
    "cv_scores": [
      0.136727075813093,
      0.17478535326420386,
      0.1352300341248483,
      0.13545860602198406,
      0.10502996342670867
    ],
    "feature_importances": [
      0.0,
      0.07793042436705824,
      0.19664468881979336,
      0.040872166255815676,
      0.2556563485902241,
      0.2665165538504988,
      0.0,
      0.0,
      0.0,
      0.16237981811660965
    ],
    "feature_names": [
      "distance_remaining",
      "train_length",
      "last_speed",
      "speed_change",
      "time_01",
      "time_12",
      "avg_speed_01",
      "avg_speed_12",
      "accel_trend",
      "predicted_speed_at_crossing"
    ]
  },
  "dataset_stats": {
    "n_samples": 1000,
    "eta_mean": 45.995000000000005,
    "eta_std": 3.563283877547787,
    "etd_mean": 49.5169,
    "etd_std": 3.823333921105018
  },
  "hyperparameters": {
    "n_estimators": 200,
    "learning_rate": 0.05,
    "max_depth": 4,
    "min_samples_split": 3,
    "min_samples_leaf": 2,
    "subsample": 0.9,
    "max_features": "sqrt",
    "validation_fraction": 0.15,
    "n_iter_no_change": 15,
    "tol": 1e-05,
    "random_state": 42
  },
  "model_info": {
    "type": "GradientBoosting",
    "eta_features": 8,
    "etd_features": 10
  }
}