{
  "eta_metrics": {
    "train_error": 0.01484818499603181,
    "val_error": 0.01585231097362342,
    "test_error": 0.014033671509284095,
    "test_rmse": 0.0247681190028772,
    "test_r2": -0.00939484811304836,
    "physics_error": 0.016152425544894596,
    "improvement": 13.117249974138959
  },
  "etd_metrics": {
    "train_error": 0.02036014618072938,
    "val_error": 0.021837236576988252,
    "test_error": 0.017653410640658455,
    "test_rmse": 0.026056630830173157,
    "test_r2": 0.9994503762578201,
    "physics_error": 0.02314965598453116,
    "improvement": 23.74223335130921
  },
  "dataset_stats": {
    "n_samples": 1000,
    "eta_mean": 9.008700000000001,
    "eta_std": 0.033696371398793744,
    "etd_mean": 12.5395,
    "etd_std": 1.1226264027003998
  },
  "model_info": {
    "type": "SGDRegressor",
    "n_features": 8
  }
}