{
  "eta_metrics": {
    "train_mae": 0.02185233065101139,
    "test_mae": 0.0313332182193367,
    "test_rmse": 0.053139515774392014,
    "test_r2": 0.9862387517702882,
    "physics_baseline_mae": 0.05684617529655376,
    "improvement_over_physics": 44.88069240212148
  },
  "etd_metrics": {
    "train_mae": 0.040086858796182685,
    "test_mae": 0.058140499610823966,
    "test_rmse": 0.1364445697890101,
    "test_r2": 0.9904277885449118,
    "physics_baseline_mae": 0.08083546299670434,
    "improvement_over_physics": 28.075503676901864
  },
  "dataset_stats": {
    "n_samples": 2000,
    "eta_mean": 6.71095,
    "eta_std": 0.38854933121985374,
    "eta_min": 6.399999999999992,
    "eta_max": 9.5,
    "etd_mean": 10.328,
    "etd_std": 1.3062500314152288,
    "etd_min": 8.399999999999991,
    "etd_max": 15.200000000000005
  },
  "model_info": {
    "eta": {
      "type": "RandomForestRegressor",
      "n_features": 14,
      "n_trees": 10
    },
    "etd": {
      "type": "RandomForestRegressor",
      "n_features": 14,
      "n_trees": 5
    }
  }
}