{
  "scenario": "phase1",
  "total_vehicles": 485,
  "trip_time": {
    "total_hours": 47.653888888888865,
    "average_seconds": 353.71958762886595,
    "average_minutes": 5.895326460481099,
    "median_seconds": 359.19999999999993,
    "std_dev": 32.255929172351365,
    "error_margin_seconds": 2.8707459371692767,
    "error_margin_minutes": 0.047845765619487945
  },
  "wait_time": {
    "total_hours": 2.010944444444444,
    "average_seconds": 14.92659793814433,
    "average_minutes": 0.2487766323024055,
    "median_seconds": 0.0,
    "std_dev": 31.377215995846345,
    "error_margin_seconds": 2.7925413296408372,
    "error_margin_minutes": 0.046542355494013955,
    "vehicles_with_waits": 94,
    "percent_with_waits": 19.381443298969074
  },
  "queue_length": {
    "west_average": 4.783333333333333,
    "west_max": 25,
    "east_average": 0.0,
    "east_max": 0
  },
  "fuel_consumption": {
    "total_liters": 13149.867999999993,
    "average_per_vehicle": 27.113129896907218,
    "std_dev": 2.5393052528154687,
    "error_margin": 0.2259956673020315
  },
  "co2_emissions": {
    "total_kg": 30376.195080000005,
    "average_per_vehicle": 62.63133006185568,
    "std_dev": 5.865795134003732,
    "error_margin": 0.5220499914676927
  },
  "trip_comfort": {
    "average_score": 95.86995876288661,
    "median_score": 98.15666666666667,
    "std_dev": 5.800302016941518,
    "error_margin": 0.5162211685336423,
    "min_score": 81.97999999999999,
    "max_score": 100.0
  },
  "route_distribution": {
    "west": 485
  }
}