{
  "intercept": -2.578912414752544,
  "coefficients": [
    -0.22000417144256085,
    1.3436700537885828,
    -0.010269528919398023,
    0.017798579015276237
  ],
  "feature_names": [
    "time_0_to_1",
    "time_1_to_2",
    "speed_0_to_1",
    "speed_1_to_2"
  ],
  "formula": "ETA = -2.5789 + -0.2200*tim + 1.3437*tim + -0.0103*spe + 0.0178*spe"
}