{
  "degree": 3,
  "intercept": -42101.57330458607,
  "coefficients": [
    -2.242884883252629e-06,
    3.137256158453288e-05,
    -9.509797658275186e-05,
    4.829808205664563e-05,
    -9.789378829995296e-06,
    -20.790855755455514,
    52.60529514353336,
    -1.3085311844743772e-09,
    4.359324011057111,
    -34.40392204647758,
    6.836738896552666,
    2.2721000105525003e-09,
    6.646966932173833,
    -13.554525114300159,
    6.693234953662039,
    0.10632999314362762,
    -0.2692599072673608,
    0.12201114989367974,
    0.03670990067905215,
    0.17037600624297172,
    -0.36974740811644774,
    0.09150858619502833,
    0.1877861560347677,
    -0.03805504061431795,
    -0.05171866467490714,
    0.004990617168459867,
    0.4044499847708365,
    -0.27731039019564585,
    -0.22710216330680325,
    0.1408396436036413,
    -0.028540904349870826,
    -0.0005096530142852487,
    -0.014394680897402598,
    0.031138136332885768,
    -0.015829558071514264
  ],
  "feature_names": [
    "1",
    "time_0_to_1",
    "time_1_to_2",
    "speed_0_to_1",
    "speed_1_to_2",
    "time_0_to_1^2",
    "time_0_to_1 time_1_to_2",
    "time_0_to_1 speed_0_to_1",
    "time_0_to_1 speed_1_to_2",
    "time_1_to_2^2",
    "time_1_to_2 speed_0_to_1",
    "time_1_to_2 speed_1_to_2",
    "speed_0_to_1^2",
    "speed_0_to_1 speed_1_to_2",
    "speed_1_to_2^2",
    "time_0_to_1^3",
    "time_0_to_1^2 time_1_to_2",
    "time_0_to_1^2 speed_0_to_1",
    "time_0_to_1^2 speed_1_to_2",
    "time_0_to_1 time_1_to_2^2",
    "time_0_to_1 time_1_to_2 speed_0_to_1",
    "time_0_to_1 time_1_to_2 speed_1_to_2",
    "time_0_to_1 speed_0_to_1^2",
    "time_0_to_1 speed_0_to_1 speed_1_to_2",
    "time_0_to_1 speed_1_to_2^2",
    "time_1_to_2^3",
    "time_1_to_2^2 speed_0_to_1",
    "time_1_to_2^2 speed_1_to_2",
    "time_1_to_2 speed_0_to_1^2",
    "time_1_to_2 speed_0_to_1 speed_1_to_2",
    "time_1_to_2 speed_1_to_2^2",
    "speed_0_to_1^3",
    "speed_0_to_1^2 speed_1_to_2",
    "speed_0_to_1 speed_1_to_2^2",
    "speed_1_to_2^3"
  ]
}