{
  "degree": 2,
  "intercept": -182.84346735217753,
  "coefficients": [
    0.0,
    -6.237523995615796,
    8.575748753139255,
    3.193779100750953,
    -3.432301886847064,
    0.02129811597779966,
    -0.00867411953527722,
    1.8170235303316468e-10,
    0.07871171918218457,
    -0.020501103642240708,
    -0.030452034825635813,
    -4.509757995800398e-12,
    -0.02116942754655265,
    0.03144621270457662,
    -0.009699555766093729
  ],
  "feature_names": [
    "1",
    "time_0_to_1",
    "time_1_to_2",
    "speed_0_to_1",
    "speed_1_to_2",
    "time_0_to_1^2",
    "time_0_to_1 time_1_to_2",
    "time_0_to_1 speed_0_to_1",
    "time_0_to_1 speed_1_to_2",
    "time_1_to_2^2",
    "time_1_to_2 speed_0_to_1",
    "time_1_to_2 speed_1_to_2",
    "speed_0_to_1^2",
    "speed_0_to_1 speed_1_to_2",
    "speed_1_to_2^2"
  ]
}