{
  "phase1_baseline": {
    "phase": "phase1",
    "n_vehicles": 485,
    "trip_time": {
      "mean": 353.720206185567,
      "std": 32.21280087424366
    },
    "wait_time": {
      "mean": 9.910927835051547,
      "std": 27.551866443127718,
      "vehicles_waited": 56
    },
    "fuel": {
      "mean": 27.603851546391756,
      "total": 13387.868000000002
    },
    "co2": {
      "mean": 63.764897072164956,
      "total": 30925.975080000004
    }
  },
  "phase2_alternative": {
    "phase": "phase2",
    "n_vehicles": 501,
    "trip_time": {
      "mean": 307.3994011976048,
      "std": 18.949769184252503
    },
    "wait_time": {
      "mean": 0.0,
      "std": 0.0,
      "vehicles_waited": 0
    },
    "fuel": {
      "mean": 24.591952095808384,
      "total": 12320.568000000001
    },
    "co2": {
      "mean": 56.80740934131737,
      "total": 28460.51208
    }
  },
  "optimized_smart_routing": {
    "phase": "optimized",
    "n_vehicles": 485,
    "trip_time": {
      "mean": 350.39750227931853,
      "std": 25.770240699394932
    },
    "wait_time": {
      "mean": 3.410736377025037,
      "std": 13.775933221563859,
      "vehicles_waited": 17
    },
    "fuel": {
      "mean": 27.32479998526974,
      "total": 13252.527992855823
    },
    "co2": {
      "mean": 63.1202879659731,
      "total": 30613.339663496954
    },
    "routing": {
      "adoption_rate": 0.7,
      "vehicles_rerouted": 39,
      "vehicles_still_wait": 17
    }
  },
  "improvements_baseline_vs_optimized": {
    "trip_time_reduction_percent": 0.9393593716569691,
    "wait_time_reduction_percent": 65.58610420951271,
    "fuel_reduction_percent": 1.010915308876502,
    "co2_reduction_percent": 1.0109153088764988,
    "queue_reduction_percent": 69.64285714285714
  }
}