{
  "metrics": {
    "train_mae": 0.017156862745100095,
    "test_mae": 0.04583333333333284,
    "test_rmse": 0.06561673228343046,
    "test_r2": 0.9179894179894214,
    "physics_baseline_mae": 0.06171744859123549,
    "improvement_over_physics": 25.736830702619745
  },
  "dataset_stats": {
    "n_samples": 50,
    "eta_mean": 6.718,
    "eta_std": 0.3236841493978787,
    "eta_min": 6.399999999999999,
    "eta_max": 7.700000000000003
  },
  "model_info": {
    "type": "DecisionTreeRegressor",
    "n_features": 11,
    "n_nodes": 19,
    "max_depth": 4
  }
}